city_ascii,country,URL
Kabul,Afghanistan, https://www.expatistan.com/cost-of-living/kabul
Tirana,Albania, https://www.expatistan.com/cost-of-living/tirana
Algiers,Algeria, https://www.expatistan.com/cost-of-living/algiers
Athens,Greece, https://www.expatistan.com/cost-of-living/athens-greece
Buenos Aires,Argentina, https://www.expatistan.com/cost-of-living/buenos-aires
Santa Rosa,United States, https://www.expatistan.com/cost-of-living/santa-rosa
Yerevan,Armenia, https://www.expatistan.com/cost-of-living/yerevan
Adelaide,Australia, https://www.expatistan.com/cost-of-living/adelaide
Brisbane,Australia, https://www.expatistan.com/cost-of-living/brisbane
Canberra,Australia, https://www.expatistan.com/cost-of-living/canberra
Darwin,Australia, https://www.expatistan.com/cost-of-living/darwin
Gold Coast,Australia, https://www.expatistan.com/cost-of-living/gold-coast
Hobart,Australia, https://www.expatistan.com/cost-of-living/hobart
Melbourne,Australia, https://www.expatistan.com/cost-of-living/melbourne
Barcelona,Spain, https://www.expatistan.com/cost-of-living/barcelona-spain
Sydney,Australia, https://www.expatistan.com/cost-of-living/sydney
Graz,Austria, https://www.expatistan.com/cost-of-living/graz
Salzburg,Austria, https://www.expatistan.com/cost-of-living/salzburg
Vienna,Austria, https://www.expatistan.com/cost-of-living/vienna
Baku,Azerbaijan, https://www.expatistan.com/cost-of-living/baku
Nassau,Bahamas, https://www.expatistan.com/cost-of-living/nassau
Manama,Bahrain, https://www.expatistan.com/cost-of-living/manama
Chittagong,Bangladesh, https://www.expatistan.com/cost-of-living/chittagong
Dhaka,Bangladesh, https://www.expatistan.com/cost-of-living/dhaka
Minsk,Belarus, https://www.expatistan.com/cost-of-living/minsk
Antwerp,Belgium, https://www.expatistan.com/cost-of-living/antwerp
Brussels,Belgium, https://www.expatistan.com/cost-of-living/brussels
Leuven,Belgium, https://www.expatistan.com/cost-of-living/leuven
Birmingham,United Kingdom, https://www.expatistan.com/cost-of-living/birmingham-united-kingdom
Birmingham,United States, https://www.expatistan.com/cost-of-living/birmingham-alabama
Banja Luka,Bosnia And Herzegovina, https://www.expatistan.com/cost-of-living/banja-luka
Sarajevo,Bosnia And Herzegovina, https://www.expatistan.com/cost-of-living/sarajevo
Gaborone,Botswana, https://www.expatistan.com/cost-of-living/gaborone
Belo Horizonte,Brazil, https://www.expatistan.com/cost-of-living/belo-horizonte
Campinas,Brazil, https://www.expatistan.com/cost-of-living/campinas
Curitiba,Brazil, https://www.expatistan.com/cost-of-living/curitiba
Florianopolis,Brazil, https://www.expatistan.com/cost-of-living/florianopolis
Fortaleza,Brazil, https://www.expatistan.com/cost-of-living/fortaleza
Natal,Brazil, https://www.expatistan.com/cost-of-living/natal
Porto Alegre,Brazil, https://www.expatistan.com/cost-of-living/porto-alegre
Recife,Brazil, https://www.expatistan.com/cost-of-living/recife
Rio de Janeiro,Brazil, https://www.expatistan.com/cost-of-living/rio-de-janeiro
Salvador,Brazil, https://www.expatistan.com/cost-of-living/salvador
Burgas,Bulgaria, https://www.expatistan.com/cost-of-living/burgas
Plovdiv,Bulgaria, https://www.expatistan.com/cost-of-living/plovdiv
Sofia,Bulgaria, https://www.expatistan.com/cost-of-living/sofia
Varna,Bulgaria, https://www.expatistan.com/cost-of-living/varna
Phnom Penh,Cambodia, https://www.expatistan.com/cost-of-living/phnom-penh
Calgary,Canada, https://www.expatistan.com/cost-of-living/calgary
Edmonton,Canada, https://www.expatistan.com/cost-of-living/edmonton
Guelph,Canada, https://www.expatistan.com/cost-of-living/guelph
Halifax,Canada, https://www.expatistan.com/cost-of-living/halifax
Florence,Italy, https://www.expatistan.com/cost-of-living/florence
Kelowna,Canada, https://www.expatistan.com/cost-of-living/kelowna
Mississauga,Canada, https://www.expatistan.com/cost-of-living/mississauga
Montreal,Canada, https://www.expatistan.com/cost-of-living/montreal
Nanaimo,Canada, https://www.expatistan.com/cost-of-living/nanaimo-british-columbia
Ottawa,Canada, https://www.expatistan.com/cost-of-living/ottawa
Quebec City,Canada, https://www.expatistan.com/cost-of-living/quebec-city
Regina,Canada, https://www.expatistan.com/cost-of-living/regina
Saskatoon,Canada, https://www.expatistan.com/cost-of-living/saskatoon
Granada,Spain, https://www.expatistan.com/cost-of-living/granada-spain
Toronto,Canada, https://www.expatistan.com/cost-of-living/toronto
Hamilton,Bermuda, https://www.expatistan.com/cost-of-living/hamilton-bermuda
Hamilton,Canada, https://www.expatistan.com/cost-of-living/hamilton-canada
Windsor,Canada, https://www.expatistan.com/cost-of-living/windsor
Winnipeg,Canada, https://www.expatistan.com/cost-of-living/winnipeg
Hamilton,New Zealand, https://www.expatistan.com/cost-of-living/hamilton-new-zealand
Beijing,China, https://www.expatistan.com/cost-of-living/beijing
Chengdu,China, https://www.expatistan.com/cost-of-living/chengdu
Guangzhou,China, https://www.expatistan.com/cost-of-living/guangzhou
Hangzhou,China, https://www.expatistan.com/cost-of-living/hangzhou
Shanghai,China, https://www.expatistan.com/cost-of-living/shanghai
Shenzhen,China, https://www.expatistan.com/cost-of-living/shenzhen
Wuhan,China, https://www.expatistan.com/cost-of-living/wuhan
Barranquilla,Colombia, https://www.expatistan.com/cost-of-living/barranquilla
Bucaramanga,Colombia, https://www.expatistan.com/cost-of-living/bucaramanga
Hyderabad,India, https://www.expatistan.com/cost-of-living/hyderabad-india
Dubrovnik,Croatia, https://www.expatistan.com/cost-of-living/dubrovnik
Osijek,Croatia, https://www.expatistan.com/cost-of-living/osijek
Rijeka,Croatia, https://www.expatistan.com/cost-of-living/rijeka
Split,Croatia, https://www.expatistan.com/cost-of-living/split
Zadar,Croatia, https://www.expatistan.com/cost-of-living/zadar
Zagreb,Croatia, https://www.expatistan.com/cost-of-living/zagreb-croatia
Havana,Cuba, https://www.expatistan.com/cost-of-living/havana
Santa Clara,United States, https://www.expatistan.com/cost-of-living/santa-clara
Larnaca,Cyprus, https://www.expatistan.com/cost-of-living/larnaca
Limassol,Cyprus, https://www.expatistan.com/cost-of-living/limassol
Nicosia,Cyprus, https://www.expatistan.com/cost-of-living/nicosia
Brno,Czech Republic, https://www.expatistan.com/cost-of-living/brno
Olomouc,Czech Republic, https://www.expatistan.com/cost-of-living/olomouc
Ostrava,Czech Republic, https://www.expatistan.com/cost-of-living/ostrava
Prague,Czech Republic, https://www.expatistan.com/cost-of-living/prague
Aalborg,Denmark, https://www.expatistan.com/cost-of-living/aalborg
Copenhagen,Denmark, https://www.expatistan.com/cost-of-living/copenhagen
Odense,Denmark, https://www.expatistan.com/cost-of-living/odense
Santo Domingo,Dominican Republic, https://www.expatistan.com/cost-of-living/santo-domingo
Cuenca,Ecuador, https://www.expatistan.com/cost-of-living/cuenca
Guayaquil,Ecuador, https://www.expatistan.com/cost-of-living/guayaquil
Quito,Ecuador, https://www.expatistan.com/cost-of-living/quito
Alexandria,Egypt, https://www.expatistan.com/cost-of-living/alexandria
Cairo,Egypt, https://www.expatistan.com/cost-of-living/cairo
San Salvador,El Salvador, https://www.expatistan.com/cost-of-living/san-salvador
Tallinn,Estonia, https://www.expatistan.com/cost-of-living/tallinn
Tartu,Estonia, https://www.expatistan.com/cost-of-living/tartu
Addis Ababa,Ethiopia, https://www.expatistan.com/cost-of-living/addis-ababa
Suva,Fiji, https://www.expatistan.com/cost-of-living/suva-fiji
Helsinki,Finland, https://www.expatistan.com/cost-of-living/helsinki
Oulu,Finland, https://www.expatistan.com/cost-of-living/oulu
Tampere,Finland, https://www.expatistan.com/cost-of-living/tampere
Turku,Finland, https://www.expatistan.com/cost-of-living/turku
Grenoble,France, https://www.expatistan.com/cost-of-living/grenoble
Lille,France, https://www.expatistan.com/cost-of-living/lille
Lyon,France, https://www.expatistan.com/cost-of-living/lyon
Marseille,France, https://www.expatistan.com/cost-of-living/marseille
Montpellier,France, https://www.expatistan.com/cost-of-living/montpellier
Nantes,France, https://www.expatistan.com/cost-of-living/nantes
Nice,France, https://www.expatistan.com/cost-of-living/nice
Paris,France, https://www.expatistan.com/cost-of-living/paris
Rennes,France, https://www.expatistan.com/cost-of-living/rennes
Strasbourg,France, https://www.expatistan.com/cost-of-living/strasbourg
Toulouse,France, https://www.expatistan.com/cost-of-living/toulouse
Batumi,Georgia, https://www.expatistan.com/cost-of-living/batumi
Tbilisi,Georgia, https://www.expatistan.com/cost-of-living/tbilisi
Augsburg,Germany, https://www.expatistan.com/cost-of-living/augsburg
Berlin,Germany, https://www.expatistan.com/cost-of-living/berlin
Bonn,Germany, https://www.expatistan.com/cost-of-living/bonn
Bremen,Germany, https://www.expatistan.com/cost-of-living/bremen
Cologne,Germany, https://www.expatistan.com/cost-of-living/cologne
Darmstadt,Germany, https://www.expatistan.com/cost-of-living/darmstadt
Dortmund,Germany, https://www.expatistan.com/cost-of-living/dortmund
Dresden,Germany, https://www.expatistan.com/cost-of-living/dresden
Essen,Germany, https://www.expatistan.com/cost-of-living/essen
Hamburg,Germany, https://www.expatistan.com/cost-of-living/hamburg
Hanover,Germany, https://www.expatistan.com/cost-of-living/hanover
Heidelberg,Germany, https://www.expatistan.com/cost-of-living/heidelberg
Karlsruhe,Germany, https://www.expatistan.com/cost-of-living/karlsruhe
Leipzig,Germany, https://www.expatistan.com/cost-of-living/leipzig
Mannheim,Germany, https://www.expatistan.com/cost-of-living/mannheim
Munich,Germany, https://www.expatistan.com/cost-of-living/munich
Nuremberg,Germany, https://www.expatistan.com/cost-of-living/nuremberg
Stuttgart,Germany, https://www.expatistan.com/cost-of-living/stuttgart
Accra,Ghana, https://www.expatistan.com/cost-of-living/accra
Heraklion,Greece, https://www.expatistan.com/cost-of-living/heraklion
Patras,Greece, https://www.expatistan.com/cost-of-living/patras
Thessaloniki,Greece, https://www.expatistan.com/cost-of-living/thessaloniki
Guatemala City,Guatemala, https://www.expatistan.com/cost-of-living/new-guatemala
Hong Kong,Hong Kong, https://www.expatistan.com/cost-of-living/hong-kong
Budapest,Hungary, https://www.expatistan.com/cost-of-living/budapest
Debrecen,Hungary, https://www.expatistan.com/cost-of-living/debrecen
Szeged,Hungary, https://www.expatistan.com/cost-of-living/szeged
Reykjavik,Iceland, https://www.expatistan.com/cost-of-living/reykjavik
Ahmedabad,India, https://www.expatistan.com/cost-of-living/ahmedabad
Bangalore,India, https://www.expatistan.com/cost-of-living/bangalore
Bhopal,India, https://www.expatistan.com/cost-of-living/bhopal
Bhubaneswar,India, https://www.expatistan.com/cost-of-living/bhubaneswar
Chandigarh,India, https://www.expatistan.com/cost-of-living/chandigarh
Coimbatore,India, https://www.expatistan.com/cost-of-living/coimbatore
Delhi,India, https://www.expatistan.com/cost-of-living/delhi
Ghaziabad,India, https://www.expatistan.com/cost-of-living/ghaziabad
Gurgaon,India, https://www.expatistan.com/cost-of-living/gurgaon
Guwahati,India, https://www.expatistan.com/cost-of-living/guwahati
Indore,India, https://www.expatistan.com/cost-of-living/indore
Jaipur,India, https://www.expatistan.com/cost-of-living/jaipur-india
Kingston,Jamaica, https://www.expatistan.com/cost-of-living/kingston-jamaica
Kolkata,India, https://www.expatistan.com/cost-of-living/kolkata
Madurai,India, https://www.expatistan.com/cost-of-living/madurai
Mumbai,India, https://www.expatistan.com/cost-of-living/mumbai
Mysore,India, https://www.expatistan.com/cost-of-living/mysore
Nagpur,India, https://www.expatistan.com/cost-of-living/nagpur
Patna,India, https://www.expatistan.com/cost-of-living/patna
Pune,India, https://www.expatistan.com/cost-of-living/pune
Raipur,India, https://www.expatistan.com/cost-of-living/raipur
Rajkot,India, https://www.expatistan.com/cost-of-living/rajkot
Ranchi,India, https://www.expatistan.com/cost-of-living/ranchi
Salem,United States, https://www.expatistan.com/cost-of-living/salem
Surat,India, https://www.expatistan.com/cost-of-living/surat-india
Thane,India, https://www.expatistan.com/cost-of-living/thane
Thiruvananthapuram,India, https://www.expatistan.com/cost-of-living/thiruvananthapuram
Vadodara,India, https://www.expatistan.com/cost-of-living/vadodara
Vijayawada,India, https://www.expatistan.com/cost-of-living/vijayawada
Visakhapatnam,India, https://www.expatistan.com/cost-of-living/visakhapatnam
Bandung,Indonesia, https://www.expatistan.com/cost-of-living/bandung
Jakarta,Indonesia, https://www.expatistan.com/cost-of-living/jakarta
Surabaya,Indonesia, https://www.expatistan.com/cost-of-living/surabaya
Yogyakarta,Indonesia, https://www.expatistan.com/cost-of-living/yogyakarta
Tehran,Iran, https://www.expatistan.com/cost-of-living/tehran
Baghdad,Iraq, https://www.expatistan.com/cost-of-living/baghdad
Cork,Ireland, https://www.expatistan.com/cost-of-living/cork
Dublin,Ireland, https://www.expatistan.com/cost-of-living/dublin
Galway,Ireland, https://www.expatistan.com/cost-of-living/galway
Limerick,Ireland, https://www.expatistan.com/cost-of-living/limerick
Haifa,Israel, https://www.expatistan.com/cost-of-living/haifa
Jerusalem,Israel, https://www.expatistan.com/cost-of-living/jerusalem
Bari,Italy, https://www.expatistan.com/cost-of-living/bari
Bergamo,Italy, https://www.expatistan.com/cost-of-living/bergamo
Bologna,Italy, https://www.expatistan.com/cost-of-living/bologna
Brescia,Italy, https://www.expatistan.com/cost-of-living/brescia
Cagliari,Italy, https://www.expatistan.com/cost-of-living/cagliari
Catania,Italy, https://www.expatistan.com/cost-of-living/catania
Kochi,India, https://www.expatistan.com/cost-of-living/kochi-india
Genoa,Italy, https://www.expatistan.com/cost-of-living/genoa
Milan,Italy, https://www.expatistan.com/cost-of-living/milan
Naples,Italy, https://www.expatistan.com/cost-of-living/naples
Palermo,Italy, https://www.expatistan.com/cost-of-living/palermo
Parma,Italy, https://www.expatistan.com/cost-of-living/parma
Rome,Italy, https://www.expatistan.com/cost-of-living/rome
Trieste,Italy, https://www.expatistan.com/cost-of-living/trieste
Turin,Italy, https://www.expatistan.com/cost-of-living/turin
Verona,Italy, https://www.expatistan.com/cost-of-living/verona
Abidjan,Ivory Coast, https://www.expatistan.com/cost-of-living/abidjan
La Paz,Bolivia, https://www.expatistan.com/cost-of-living/la-paz-bolivia
Nagoya,Japan, https://www.expatistan.com/cost-of-living/nagoya
Osaka,Japan, https://www.expatistan.com/cost-of-living/osaka
Tokyo,Japan, https://www.expatistan.com/cost-of-living/tokyo
Amman,Jordan, https://www.expatistan.com/cost-of-living/amman
Almaty,Kazakhstan, https://www.expatistan.com/cost-of-living/almaty
Nairobi,Kenya, https://www.expatistan.com/cost-of-living/nairobi
Kuwait City,Kuwait, https://www.expatistan.com/cost-of-living/kuwait
Bishkek,Kyrgyzstan, https://www.expatistan.com/cost-of-living/bishkek
Riga,Latvia, https://www.expatistan.com/cost-of-living/riga
Beirut,Lebanon, https://www.expatistan.com/cost-of-living/beirut
Kaunas,Lithuania, https://www.expatistan.com/cost-of-living/kaunas
Vilnius,Lithuania, https://www.expatistan.com/cost-of-living/vilnius
Luxembourg,Luxembourg, https://www.expatistan.com/cost-of-living/luxembourg
Macao,Macao, https://www.expatistan.com/cost-of-living/macao
Skopje,North Macedonia, https://www.expatistan.com/cost-of-living/skopje
Johor Bahru,Malaysia, https://www.expatistan.com/cost-of-living/johor-bahru
Kuala Lumpur,Malaysia, https://www.expatistan.com/cost-of-living/kuala-lumpur
Petaling Jaya,Malaysia, https://www.expatistan.com/cost-of-living/petaling-jaya
Valletta,Malta, https://www.expatistan.com/cost-of-living/valletta
Aguascalientes,Mexico, https://www.expatistan.com/cost-of-living/aguascalientes
Guadalajara,Mexico, https://www.expatistan.com/cost-of-living/guadalajara
Mexico City,Mexico, https://www.expatistan.com/cost-of-living/mexico-city
Monterrey,Mexico, https://www.expatistan.com/cost-of-living/monterrey
Puebla,Mexico, https://www.expatistan.com/cost-of-living/puebla
Puerto Vallarta,Mexico, https://www.expatistan.com/cost-of-living/puerto-vallarta
Queretaro,Mexico, https://www.expatistan.com/cost-of-living/queretaro
Tijuana,Mexico, https://www.expatistan.com/cost-of-living/tijuana
Zapopan,Mexico, https://www.expatistan.com/cost-of-living/zapopan
Podgorica,Montenegro, https://www.expatistan.com/cost-of-living/podgorica
London,Canada, https://www.expatistan.com/cost-of-living/london-ontario
Agadir,Morocco, https://www.expatistan.com/cost-of-living/agadir
Casablanca,Morocco, https://www.expatistan.com/cost-of-living/casablanca
Marrakech,Morocco, https://www.expatistan.com/cost-of-living/marrakech
Rabat,Morocco, https://www.expatistan.com/cost-of-living/rabat
Tangier,Morocco, https://www.expatistan.com/cost-of-living/tangier
Maputo,Mozambique, https://www.expatistan.com/cost-of-living/maputo
Yangon,Myanmar, https://www.expatistan.com/cost-of-living/yangon
Kathmandu,Nepal, https://www.expatistan.com/cost-of-living/kathmandu
Amsterdam,Netherlands, https://www.expatistan.com/cost-of-living/amsterdam
Eindhoven,Netherlands, https://www.expatistan.com/cost-of-living/eindhoven
Enschede,Netherlands, https://www.expatistan.com/cost-of-living/enschede
Groningen,Netherlands, https://www.expatistan.com/cost-of-living/groningen
Maastricht,Netherlands, https://www.expatistan.com/cost-of-living/maastricht
Nijmegen,Netherlands, https://www.expatistan.com/cost-of-living/nijmegen
Rotterdam,Netherlands, https://www.expatistan.com/cost-of-living/rotterdam
Utrecht,Netherlands, https://www.expatistan.com/cost-of-living/utrecht
Auckland,New Zealand, https://www.expatistan.com/cost-of-living/auckland
Christchurch,New Zealand, https://www.expatistan.com/cost-of-living/christchurch
Dunedin,New Zealand, https://www.expatistan.com/cost-of-living/dunedin
London,United Kingdom, https://www.expatistan.com/cost-of-living/london
Wellington,New Zealand, https://www.expatistan.com/cost-of-living/wellington
Newcastle,Australia, https://www.expatistan.com/cost-of-living/newcastle-australia
Lagos,Nigeria, https://www.expatistan.com/cost-of-living/lagos
Bergen,Norway, https://www.expatistan.com/cost-of-living/bergen
Oslo,Norway, https://www.expatistan.com/cost-of-living/oslo
Stavanger,Norway, https://www.expatistan.com/cost-of-living/stavanger
Trondheim,Norway, https://www.expatistan.com/cost-of-living/trondheim
Muscat,Oman, https://www.expatistan.com/cost-of-living/muscat
Islamabad,Pakistan, https://www.expatistan.com/cost-of-living/islamabad
Karachi,Pakistan, https://www.expatistan.com/cost-of-living/karachi
Lahore,Pakistan, https://www.expatistan.com/cost-of-living/lahore
Peshawar,Pakistan, https://www.expatistan.com/cost-of-living/peshawar
Rawalpindi,Pakistan, https://www.expatistan.com/cost-of-living/rawalpindi
Panama City,Panama, https://www.expatistan.com/cost-of-living/panama-city
Lima,Peru, https://www.expatistan.com/cost-of-living/lima
Davao,Philippines, https://www.expatistan.com/cost-of-living/davao
Manila,Philippines, https://www.expatistan.com/cost-of-living/manila
Perth,Australia, https://www.expatistan.com/cost-of-living/perth-australia
Lublin,Poland, https://www.expatistan.com/cost-of-living/lublin
Poznan,Poland, https://www.expatistan.com/cost-of-living/poznan
Szczecin,Poland, https://www.expatistan.com/cost-of-living/szczecin
Warsaw,Poland, https://www.expatistan.com/cost-of-living/warsaw
Aveiro,Portugal, https://www.expatistan.com/cost-of-living/aveiro
Braga,Portugal, https://www.expatistan.com/cost-of-living/braga
Coimbra,Portugal, https://www.expatistan.com/cost-of-living/coimbra
Funchal,Portugal, https://www.expatistan.com/cost-of-living/funchal
Lisbon,Portugal, https://www.expatistan.com/cost-of-living/lisbon
Plymouth,United Kingdom, https://www.expatistan.com/cost-of-living/plymouth
Doha,Qatar, https://www.expatistan.com/cost-of-living/doha
Arad,Romania, https://www.expatistan.com/cost-of-living/arad
Brasov,Romania, https://www.expatistan.com/cost-of-living/brasov
Bucharest,Romania, https://www.expatistan.com/cost-of-living/bucharest
Cluj-Napoca,Romania, https://www.expatistan.com/cost-of-living/cluj-napoca
Craiova,Romania, https://www.expatistan.com/cost-of-living/craiova
Iasi,Romania, https://www.expatistan.com/cost-of-living/iasi
Oradea,Romania, https://www.expatistan.com/cost-of-living/oradea
Sibiu,Romania, https://www.expatistan.com/cost-of-living/sibiu
Timisoara,Romania, https://www.expatistan.com/cost-of-living/timisoara
Chelyabinsk,Russia, https://www.expatistan.com/cost-of-living/chelyabinsk
Irkutsk,Russia, https://www.expatistan.com/cost-of-living/irkutsk
Izhevsk,Russia, https://www.expatistan.com/cost-of-living/izhevsk
Kaliningrad,Russia, https://www.expatistan.com/cost-of-living/kaliningrad
Krasnodar,Russia, https://www.expatistan.com/cost-of-living/krasnodar
Krasnoyarsk,Russia, https://www.expatistan.com/cost-of-living/krasnoyarsk
Moscow,Russia, https://www.expatistan.com/cost-of-living/moscow
Novosibirsk,Russia, https://www.expatistan.com/cost-of-living/novosibirsk
Omsk,Russia, https://www.expatistan.com/cost-of-living/omsk
Perm,Russia, https://www.expatistan.com/cost-of-living/perm
Samara,Russia, https://www.expatistan.com/cost-of-living/samara
Saratov,Russia, https://www.expatistan.com/cost-of-living/saratov
Tomsk,Russia, https://www.expatistan.com/cost-of-living/tomsk
Ufa,Russia, https://www.expatistan.com/cost-of-living/ufa
Vladivostok,Russia, https://www.expatistan.com/cost-of-living/vladivostok
Volgograd,Russia, https://www.expatistan.com/cost-of-living/volgograd
Voronezh,Russia, https://www.expatistan.com/cost-of-living/voronezh
Yekaterinburg,Russia, https://www.expatistan.com/cost-of-living/yekaterinburg
Kigali,Rwanda, https://www.expatistan.com/cost-of-living/kigali
Jeddah,Saudi Arabia, https://www.expatistan.com/cost-of-living/jeddah
Riyadh,Saudi Arabia, https://www.expatistan.com/cost-of-living/riyadh
Belgrade,Serbia, https://www.expatistan.com/cost-of-living/belgrade
Novi Sad,Serbia, https://www.expatistan.com/cost-of-living/novi-sad
Singapore,Singapore, https://www.expatistan.com/cost-of-living/singapore
Bratislava,Slovakia, https://www.expatistan.com/cost-of-living/bratislava
Ljubljana,Slovenia, https://www.expatistan.com/cost-of-living/ljubljana
Maribor,Slovenia, https://www.expatistan.com/cost-of-living/maribor
Cape Town,South Africa, https://www.expatistan.com/cost-of-living/cape-town
Durban,South Africa, https://www.expatistan.com/cost-of-living/durban
Johannesburg,South Africa, https://www.expatistan.com/cost-of-living/johannesburg
San Antonio,United States, https://www.expatistan.com/cost-of-living/san-antonio-texas
Pretoria,South Africa, https://www.expatistan.com/cost-of-living/pretoria
Seoul,South Korea, https://www.expatistan.com/cost-of-living/seoul
Alicante,Spain, https://www.expatistan.com/cost-of-living/alicante
San Jose,Costa Rica, https://www.expatistan.com/cost-of-living/san-jose-costa-rica
Bilbao,Spain, https://www.expatistan.com/cost-of-living/bilbao
San Jose,United States, https://www.expatistan.com/cost-of-living/san-jose-california
Madrid,Spain, https://www.expatistan.com/cost-of-living/madrid
Malaga,Spain, https://www.expatistan.com/cost-of-living/malaga
Murcia,Spain, https://www.expatistan.com/cost-of-living/murcia
Palma de Mallorca,Spain, https://www.expatistan.com/cost-of-living/palma-de-mallorca
Santa Cruz de Tenerife,Spain, https://www.expatistan.com/cost-of-living/santa-cruz-de-tenerife
Colombo,Sri Lanka, https://www.expatistan.com/cost-of-living/colombo
Paramaribo,Suriname, https://www.expatistan.com/cost-of-living/paramaribo
Gothenburg,Sweden, https://www.expatistan.com/cost-of-living/gothenburg
Malmo,Sweden, https://www.expatistan.com/cost-of-living/malmo
Stockholm,Sweden, https://www.expatistan.com/cost-of-living/stockholm
Uppsala,Sweden, https://www.expatistan.com/cost-of-living/uppsala
Basel,Switzerland, https://www.expatistan.com/cost-of-living/basel
Bern,Switzerland, https://www.expatistan.com/cost-of-living/bern
Geneva,Switzerland, https://www.expatistan.com/cost-of-living/geneva
Lausanne,Switzerland, https://www.expatistan.com/cost-of-living/lausanne
Lugano,Switzerland, https://www.expatistan.com/cost-of-living/lugano
Zurich,Switzerland, https://www.expatistan.com/cost-of-living/zurich
Damascus,Syria, https://www.expatistan.com/cost-of-living/damascus
Taipei,Taiwan, https://www.expatistan.com/cost-of-living/taipei
Dar es Salaam,Tanzania, https://www.expatistan.com/cost-of-living/dar-es-salaam
Bangkok,Thailand, https://www.expatistan.com/cost-of-living/bangkok
Chiang Mai,Thailand, https://www.expatistan.com/cost-of-living/chiang-mai
Pattaya,Thailand, https://www.expatistan.com/cost-of-living/pattaya
Phuket,Thailand, https://www.expatistan.com/cost-of-living/phuket
Port of Spain,Trinidad And Tobago, https://www.expatistan.com/cost-of-living/port-of-spain
Tunis,Tunisia, https://www.expatistan.com/cost-of-living/tunis
Ankara,Turkey, https://www.expatistan.com/cost-of-living/ankara
Antalya,Turkey, https://www.expatistan.com/cost-of-living/antalya
Bursa,Turkey, https://www.expatistan.com/cost-of-living/bursa
Istanbul,Turkey, https://www.expatistan.com/cost-of-living/istanbul
Kampala,Uganda, https://www.expatistan.com/cost-of-living/kampala
Dnipro,Ukraine, https://www.expatistan.com/cost-of-living/dnipro
Kharkiv,Ukraine, https://www.expatistan.com/cost-of-living/kharkiv
Lviv,Ukraine, https://www.expatistan.com/cost-of-living/lviv
Sumy,Ukraine, https://www.expatistan.com/cost-of-living/sumy
Ternopil,Ukraine, https://www.expatistan.com/cost-of-living/ternopil
Zaporizhzhya,Ukraine, https://www.expatistan.com/cost-of-living/zaporizhzhya
Abu Dhabi,United Arab Emirates, https://www.expatistan.com/cost-of-living/abu-dhabi
Al Ain,United Arab Emirates, https://www.expatistan.com/cost-of-living/al-ain
Dubai,United Arab Emirates, https://www.expatistan.com/cost-of-living/dubai
Sharjah,United Arab Emirates, https://www.expatistan.com/cost-of-living/sharjah
Aberdeen,United Kingdom, https://www.expatistan.com/cost-of-living/aberdeen
Belfast,United Kingdom, https://www.expatistan.com/cost-of-living/belfast
Bristol,United Kingdom, https://www.expatistan.com/cost-of-living/bristol
Cambridge,United Kingdom, https://www.expatistan.com/cost-of-living/cambridge
Cardiff,United Kingdom, https://www.expatistan.com/cost-of-living/cardiff
Coventry,United Kingdom, https://www.expatistan.com/cost-of-living/coventry
Dundee,United Kingdom, https://www.expatistan.com/cost-of-living/dundee
Edinburgh,United Kingdom, https://www.expatistan.com/cost-of-living/edinburgh
Exeter,United Kingdom, https://www.expatistan.com/cost-of-living/exeter
Glasgow,United Kingdom, https://www.expatistan.com/cost-of-living/glasgow
Kingston upon Hull,United Kingdom, https://www.expatistan.com/cost-of-living/kingston-upon-hull
Leeds,United Kingdom, https://www.expatistan.com/cost-of-living/leeds
Leicester,United Kingdom, https://www.expatistan.com/cost-of-living/leicester
Liverpool,United Kingdom, https://www.expatistan.com/cost-of-living/liverpool
San Juan,Puerto Rico, https://www.expatistan.com/cost-of-living/san-juan-puerto-rico
Manchester,United Kingdom, https://www.expatistan.com/cost-of-living/manchester
Newcastle upon Tyne,United Kingdom, https://www.expatistan.com/cost-of-living/newcastle-upon-tyne
Norwich,United Kingdom, https://www.expatistan.com/cost-of-living/norwich
Nottingham,United Kingdom, https://www.expatistan.com/cost-of-living/nottingham
Oxford,United Kingdom, https://www.expatistan.com/cost-of-living/oxford
Peterborough,United Kingdom, https://www.expatistan.com/cost-of-living/peterborough
Portsmouth,United Kingdom, https://www.expatistan.com/cost-of-living/portsmouth
Reading,United Kingdom, https://www.expatistan.com/cost-of-living/reading-berkshire
Sheffield,United Kingdom, https://www.expatistan.com/cost-of-living/sheffield
Southampton,United Kingdom, https://www.expatistan.com/cost-of-living/southampton
Stoke-on-Trent,United Kingdom, https://www.expatistan.com/cost-of-living/stoke-on-trent
Swansea,United Kingdom, https://www.expatistan.com/cost-of-living/swansea
York,United Kingdom, https://www.expatistan.com/cost-of-living/york
Akron,United States, https://www.expatistan.com/cost-of-living/akron
Albany,United States, https://www.expatistan.com/cost-of-living/albany
Albuquerque,United States, https://www.expatistan.com/cost-of-living/albuquerque
Anchorage,United States, https://www.expatistan.com/cost-of-living/anchorage
Ann Arbor,United States, https://www.expatistan.com/cost-of-living/ann-arbor
Santiago,Chile, https://www.expatistan.com/cost-of-living/santiago-chile
Atlanta,United States, https://www.expatistan.com/cost-of-living/atlanta
Austin,United States, https://www.expatistan.com/cost-of-living/austin
Baltimore,United States, https://www.expatistan.com/cost-of-living/baltimore
Baton Rouge,United States, https://www.expatistan.com/cost-of-living/baton-rouge
Berkeley,United States, https://www.expatistan.com/cost-of-living/berkeley
Boise,United States, https://www.expatistan.com/cost-of-living/boise
Boston,United States, https://www.expatistan.com/cost-of-living/boston
Boulder,United States, https://www.expatistan.com/cost-of-living/boulder-colorado
Buffalo,United States, https://www.expatistan.com/cost-of-living/buffalo
Charleston,United States, https://www.expatistan.com/cost-of-living/charleston-south-carolina
Charlotte,United States, https://www.expatistan.com/cost-of-living/charlotte-united-states
Chattanooga,United States, https://www.expatistan.com/cost-of-living/chattanooga
Chicago,United States, https://www.expatistan.com/cost-of-living/chicago
Cincinnati,United States, https://www.expatistan.com/cost-of-living/cincinnati
Cleveland,United States, https://www.expatistan.com/cost-of-living/cleveland
Colorado Springs,United States, https://www.expatistan.com/cost-of-living/colorado-springs
Columbus,United States, https://www.expatistan.com/cost-of-living/columbus
Dallas,United States, https://www.expatistan.com/cost-of-living/dallas
Denver,United States, https://www.expatistan.com/cost-of-living/denver
Des Moines,United States, https://www.expatistan.com/cost-of-living/des-moines
Detroit,United States, https://www.expatistan.com/cost-of-living/detroit
El Paso,United States, https://www.expatistan.com/cost-of-living/el-paso
Eugene,United States, https://www.expatistan.com/cost-of-living/eugene
Fort Collins,United States, https://www.expatistan.com/cost-of-living/fort-collins
Fort Lauderdale,United States, https://www.expatistan.com/cost-of-living/fort-lauderdale
Fort Worth,United States, https://www.expatistan.com/cost-of-living/fort-worth
Fresno,United States, https://www.expatistan.com/cost-of-living/fresno
Grand Rapids,United States, https://www.expatistan.com/cost-of-living/grand-rapids
Honolulu,United States, https://www.expatistan.com/cost-of-living/honolulu
Houston,United States, https://www.expatistan.com/cost-of-living/houston
Huntsville,United States, https://www.expatistan.com/cost-of-living/huntsville-alabama
Indianapolis,United States, https://www.expatistan.com/cost-of-living/indianapolis
Irvine,United States, https://www.expatistan.com/cost-of-living/irvine
Jacksonville,United States, https://www.expatistan.com/cost-of-living/jacksonville
Jersey City,United States, https://www.expatistan.com/cost-of-living/jersey-city
Kansas City,United States, https://www.expatistan.com/cost-of-living/kansas-city
Knoxville,United States, https://www.expatistan.com/cost-of-living/knoxville-tn
Las Vegas,United States, https://www.expatistan.com/cost-of-living/las-vegas
Lexington,United States, https://www.expatistan.com/cost-of-living/lexington
Lincoln,United States, https://www.expatistan.com/cost-of-living/lincoln
Little Rock,United States, https://www.expatistan.com/cost-of-living/little-rock-arkansas
Long Beach,United States, https://www.expatistan.com/cost-of-living/long-beach
Los Angeles,United States, https://www.expatistan.com/cost-of-living/los-angeles
Louisville,United States, https://www.expatistan.com/cost-of-living/louisville
Madison,United States, https://www.expatistan.com/cost-of-living/madison
Memphis,United States, https://www.expatistan.com/cost-of-living/memphis
Miami,United States, https://www.expatistan.com/cost-of-living/miami
Milwaukee,United States, https://www.expatistan.com/cost-of-living/milwaukee
Nashville,United States, https://www.expatistan.com/cost-of-living/nashville
New Orleans,United States, https://www.expatistan.com/cost-of-living/new-orleans
Oakland,United States, https://www.expatistan.com/cost-of-living/oakland-california
Oklahoma City,United States, https://www.expatistan.com/cost-of-living/oklahoma-city
Omaha,United States, https://www.expatistan.com/cost-of-living/omaha
Orlando,United States, https://www.expatistan.com/cost-of-living/orlando
Philadelphia,United States, https://www.expatistan.com/cost-of-living/philadelphia
Phoenix,United States, https://www.expatistan.com/cost-of-living/phoenix
Pittsburgh,United States, https://www.expatistan.com/cost-of-living/pittsburgh
Portland,United States, https://www.expatistan.com/cost-of-living/portland
Raleigh,United States, https://www.expatistan.com/cost-of-living/raleigh-north-carolina
Reno,United States, https://www.expatistan.com/cost-of-living/reno
Richmond,United States, https://www.expatistan.com/cost-of-living/richmond-virginia
Riverside,United States, https://www.expatistan.com/cost-of-living/riverside
Rochester,United States, https://www.expatistan.com/cost-of-living/rochester-new-york
Sacramento,United States, https://www.expatistan.com/cost-of-living/sacramento
Salt Lake City,United States, https://www.expatistan.com/cost-of-living/salt-lake-city
St. John's,Canada, https://www.expatistan.com/cost-of-living/st-johns-newfoundland
Valencia,Spain, https://www.expatistan.com/cost-of-living/valencia-spain
San Diego,United States, https://www.expatistan.com/cost-of-living/san-diego
San Francisco,United States, https://www.expatistan.com/cost-of-living/san-francisco
Santa Barbara,United States, https://www.expatistan.com/cost-of-living/santa-barbara-california
Vancouver,Canada, https://www.expatistan.com/cost-of-living/vancouver
Seattle,United States, https://www.expatistan.com/cost-of-living/seattle
Spokane,United States, https://www.expatistan.com/cost-of-living/spokane-washington
St. Louis,United States, https://www.expatistan.com/cost-of-living/st-louis
St. Petersburg,Russia, https://www.expatistan.com/cost-of-living/st-petersburg-florida
Tacoma,United States, https://www.expatistan.com/cost-of-living/tacoma
Tallahassee,United States, https://www.expatistan.com/cost-of-living/tallahassee
Tampa,United States, https://www.expatistan.com/cost-of-living/tampa
Tucson,United States, https://www.expatistan.com/cost-of-living/tucson
Tulsa,United States, https://www.expatistan.com/cost-of-living/tulsa-oklahoma
Vancouver,United States, https://www.expatistan.com/cost-of-living/vancouver-washington
Wichita,United States, https://www.expatistan.com/cost-of-living/wichita
Montevideo,Uruguay, https://www.expatistan.com/cost-of-living/montevideo
Tashkent,Uzbekistan, https://www.expatistan.com/cost-of-living/tashkent
Victoria,Canada, https://www.expatistan.com/cost-of-living/victoria-canada
Da Nang,Vietnam, https://www.expatistan.com/cost-of-living/da-nang
Hanoi,Vietnam, https://www.expatistan.com/cost-of-living/hanoi
Ho Chi Minh City,Vietnam, https://www.expatistan.com/cost-of-living/ho-chi-minh-city
Lusaka,Zambia, https://www.expatistan.com/cost-of-living/lusaka
Harare,Zimbabwe, https://www.expatistan.com/cost-of-living/harare
